,Page,Title,City,Tag,Link,Logo
0,itviec,Fullstack developer (Dự án banking),Ha Noi,Spring Angular Java,https://itviec.com/it-jobs/fullstack-developer-du-an-banking-ttc-solutions-0950?lab_feature=preview_jd_page,https://itviec.com/rails/active_storage/representations/proxy/eyJfcmFpbHMiOnsibWVzc2FnZSI6IkJBaHBBd3FPSEE9PSIsImV4cCI6bnVsbCwicHVyIjoiYmxvYl9pZCJ9fQ==--0eb27ef433475005c13e96203fee848766ea5818/eyJfcmFpbHMiOnsibWVzc2FnZSI6IkJBaDdCem9MWm05eWJXRjBTU0lJY0c1bkJqb0dSVlE2RTNKbGMybDZaVjloYm1SZmNHRmtXd2RwUm1sRyIsImV4cCI6bnVsbCwicHVyIjoidmFyaWF0aW9uIn19--d55b6722f71e82d147ad94b8445be27797820f9f/logo%20da%20chuyen%20doi.png
1,itviec,Senior Automation Engineer - Up to 3000+,Ho Chi Minh,QA QC Tester,https://itviec.com/it-jobs/senior-automation-engineer-up-to-3000-line-vietnam-4124?lab_feature=preview_jd_page,https://itviec.com/rails/active_storage/representations/proxy/eyJfcmFpbHMiOnsibWVzc2FnZSI6IkJBaHBBeVlUSHc9PSIsImV4cCI6bnVsbCwicHVyIjoiYmxvYl9pZCJ9fQ==--365f1d53f17ef0cba1ec56819a5da21d4d7fc600/eyJfcmFpbHMiOnsibWVzc2FnZSI6IkJBaDdCem9MWm05eWJXRjBTU0lJYW5CbkJqb0dSVlE2RTNKbGMybDZaVjloYm1SZmNHRmtXd2RwUm1sRyIsImV4cCI6bnVsbCwicHVyIjoidmFyaWF0aW9uIn19--e48ed52d99e56a5ff9747052d860ea1b318b2d76/logo.jpg
2,itviec,Infrastructure Engineer – INF01,Ho Chi Minh,System Engineer Database Networking,https://itviec.com/it-jobs/senior-system-network-engineer-tabviet-1015?lab_feature=preview_jd_page,https://itviec.com/rails/active_storage/representations/proxy/eyJfcmFpbHMiOnsibWVzc2FnZSI6IkJBaHBBNGd4REE9PSIsImV4cCI6bnVsbCwicHVyIjoiYmxvYl9pZCJ9fQ==--74aefe030b65f2af6fa65d26460793361c56d0b4/eyJfcmFpbHMiOnsibWVzc2FnZSI6IkJBaDdCem9MWm05eWJXRjBTU0lJY0c1bkJqb0dSVlE2RTNKbGMybDZaVjloYm1SZmNHRmtXd2RwUm1sRyIsImV4cCI6bnVsbCwicHVyIjoidmFyaWF0aW9uIn19--d55b6722f71e82d147ad94b8445be27797820f9f/tabviet-logo.png
3,itviec,Information Security Engineer (System Admin/Networking),Ha Noi,System Engineer System Admin Networking,https://itviec.com/it-jobs/chuyen-gia-an-toan-bao-mat-thong-tin-cntt-mcredit-cong-ty-tai-chinh-tnhh-mb-shinsei-1741?lab_feature=preview_jd_page,https://itviec.com/rails/active_storage/representations/proxy/eyJfcmFpbHMiOnsibWVzc2FnZSI6IkJBaHBBMXlGSnc9PSIsImV4cCI6bnVsbCwicHVyIjoiYmxvYl9pZCJ9fQ==--4ade3dc61a60fa5ee3d7862305e931d55cab3134/eyJfcmFpbHMiOnsibWVzc2FnZSI6IkJBaDdCem9MWm05eWJXRjBTU0lJY0c1bkJqb0dSVlE2RTNKbGMybDZaVjloYm1SZmNHRmtXd2RwUm1sRyIsImV4cCI6bnVsbCwicHVyIjoidmFyaWF0aW9uIn19--d55b6722f71e82d147ad94b8445be27797820f9f/Logo%20PNG_RGB_Digital%20use_on%20White%20BG.png
4,itviec,IT Security Operation (System Engineer/Networking),Ha Noi,System Engineer Networking Database,https://itviec.com/it-jobs/senior-it-security-operation-mcredit-cong-ty-tai-chinh-tnhh-mb-shinsei-1945?lab_feature=preview_jd_page,https://itviec.com/rails/active_storage/representations/proxy/eyJfcmFpbHMiOnsibWVzc2FnZSI6IkJBaHBBMXlGSnc9PSIsImV4cCI6bnVsbCwicHVyIjoiYmxvYl9pZCJ9fQ==--4ade3dc61a60fa5ee3d7862305e931d55cab3134/eyJfcmFpbHMiOnsibWVzc2FnZSI6IkJBaDdCem9MWm05eWJXRjBTU0lJY0c1bkJqb0dSVlE2RTNKbGMybDZaVjloYm1SZmNHRmtXd2RwUm1sRyIsImV4cCI6bnVsbCwicHVyIjoidmFyaWF0aW9uIn19--d55b6722f71e82d147ad94b8445be27797820f9f/Logo%20PNG_RGB_Digital%20use_on%20White%20BG.png
5,itviec,"Full-stack Java Dev (SQL, JavaScript)",Ha Noi,Java JavaScript MySQL,https://itviec.com/it-jobs/full-stack-java-dev-sql-javascript-scandinavian-software-park-5219?lab_feature=preview_jd_page,https://itviec.com/rails/active_storage/representations/proxy/eyJfcmFpbHMiOnsibWVzc2FnZSI6IkJBaHBBNHhjSlE9PSIsImV4cCI6bnVsbCwicHVyIjoiYmxvYl9pZCJ9fQ==--bd2f67ce9f900e9d07965ac04fcfb17e1908d32c/eyJfcmFpbHMiOnsibWVzc2FnZSI6IkJBaDdCem9MWm05eWJXRjBTU0lJY0c1bkJqb0dSVlE2RTNKbGMybDZaVjloYm1SZmNHRmtXd2RwUm1sRyIsImV4cCI6bnVsbCwicHVyIjoidmFyaWF0aW9uIn19--d55b6722f71e82d147ad94b8445be27797820f9f/Logo-SSP-RGB-02-01_sqrt_small.png
6,itviec,Unity Games Developer (iOS/Android),Ho Chi Minh,Unity Android Games Fresher Accepted,https://itviec.com/it-jobs/unity-games-developer-ios-android-funnii-studio-5639?lab_feature=preview_jd_page,https://itviec.com/rails/active_storage/representations/proxy/eyJfcmFpbHMiOnsibWVzc2FnZSI6IkJBaHBBN0dLSGc9PSIsImV4cCI6bnVsbCwicHVyIjoiYmxvYl9pZCJ9fQ==--450c1da31c9923ec0cd42ad8d1aa432138b83f55/eyJfcmFpbHMiOnsibWVzc2FnZSI6IkJBaDdCem9MWm05eWJXRjBTU0lKYW5CbFp3WTZCa1ZVT2hOeVpYTnBlbVZmWVc1a1gzQmhaRnNIYVVacFJnPT0iLCJleHAiOm51bGwsInB1ciI6InZhcmlhdGlvbiJ9fQ==--7789a4205a02d1766d0919e17bdffc9f00631718/31c8eab1c723327d6b32%20-%20Vuong%20Tran.jpeg
7,itviec,Mobile Dev (React Native),Ho Chi Minh,React Native ReactJS JavaScript,https://itviec.com/it-jobs/mobile-dev-react-native-atalink-technology-3131?lab_feature=preview_jd_page,https://itviec.com/rails/active_storage/representations/proxy/eyJfcmFpbHMiOnsibWVzc2FnZSI6IkJBaHBBeXN0R2c9PSIsImV4cCI6bnVsbCwicHVyIjoiYmxvYl9pZCJ9fQ==--17e830ee1ca30716af5ed573538534f453757159/eyJfcmFpbHMiOnsibWVzc2FnZSI6IkJBaDdCem9MWm05eWJXRjBTU0lJY0c1bkJqb0dSVlE2RTNKbGMybDZaVjloYm1SZmNHRmtXd2RwUm1sRyIsImV4cCI6bnVsbCwicHVyIjoidmFyaWF0aW9uIn19--d55b6722f71e82d147ad94b8445be27797820f9f/download%20-%20Dung%20Bui.png
8,itviec,DevOps Engineer (AWS/Docker) - 1 month Sign On Bonus,"Ho Chi Minh
Da Nang",DevOps AWS English,https://itviec.com/it-jobs/devops-engineer-aws-docker-1-month-sign-on-bonus-codelink-3920?lab_feature=preview_jd_page,https://itviec.com/rails/active_storage/representations/proxy/eyJfcmFpbHMiOnsibWVzc2FnZSI6IkJBaHBBNitTRGc9PSIsImV4cCI6bnVsbCwicHVyIjoiYmxvYl9pZCJ9fQ==--a313d4dc5b74c9758fda4aa42a8c2e90b29ef4ac/eyJfcmFpbHMiOnsibWVzc2FnZSI6IkJBaDdCem9MWm05eWJXRjBTU0lJY0c1bkJqb0dSVlE2RTNKbGMybDZaVjloYm1SZmNHRmtXd2RwUm1sRyIsImV4cCI6bnVsbCwicHVyIjoidmFyaWF0aW9uIn19--d55b6722f71e82d147ad94b8445be27797820f9f/codelink-logo.png
9,itviec,"Frontend Tech Lead (x5) (JavaScript, HTML5, CSS)",Ha Noi,JavaScript CSS HTML5,https://itviec.com/it-jobs/frontend-tech-lead-x5-javascript-html5-css-niteco-vietnam-co-ltd-0155?lab_feature=preview_jd_page,https://itviec.com/rails/active_storage/representations/proxy/eyJfcmFpbHMiOnsibWVzc2FnZSI6IkJBaHBBNTdIR3c9PSIsImV4cCI6bnVsbCwicHVyIjoiYmxvYl9pZCJ9fQ==--1b5b561ecca2e7bde0227ed59186be284aa77c68/eyJfcmFpbHMiOnsibWVzc2FnZSI6IkJBaDdCem9MWm05eWJXRjBTU0lJY0c1bkJqb0dSVlE2RTNKbGMybDZaVjloYm1SZmNHRmtXd2RwUm1sRyIsImV4cCI6bnVsbCwicHVyIjoidmFyaWF0aW9uIn19--d55b6722f71e82d147ad94b8445be27797820f9f/Niteco_logo-07.png
10,itviec,"React Native Dev (iOS, Android)~1200$",Ha Noi,React Native Android iOS,https://itviec.com/it-jobs/react-native-dev-ios-android-1200-bluebottle-digital-viet-nam-3910?lab_feature=preview_jd_page,https://itviec.com/rails/active_storage/representations/proxy/eyJfcmFpbHMiOnsibWVzc2FnZSI6IkJBaHBBeHlDSkE9PSIsImV4cCI6bnVsbCwicHVyIjoiYmxvYl9pZCJ9fQ==--bf0577ae3c0ba3ef43be2b66eb49302246b914f6/eyJfcmFpbHMiOnsibWVzc2FnZSI6IkJBaDdCem9MWm05eWJXRjBTU0lJY0c1bkJqb0dSVlE2RTNKbGMybDZaVjloYm1SZmNHRmtXd2RwUm1sRyIsImV4cCI6bnVsbCwicHVyIjoidmFyaWF0aW9uIn19--d55b6722f71e82d147ad94b8445be27797820f9f/237848199_6013656692041179_437186487188508060_n.png
11,itviec,Software Engineer (C/C++) - HN,Ha Noi,C++ Embedded C language,https://itviec.com/it-jobs/software-engineer-c-c-hn-lg-vehicle-component-solutions-development-center-vietnam-lg-vs-dcv-3254?lab_feature=preview_jd_page,https://itviec.com/rails/active_storage/representations/proxy/eyJfcmFpbHMiOnsibWVzc2FnZSI6IkJBaHBBM3d3REE9PSIsImV4cCI6bnVsbCwicHVyIjoiYmxvYl9pZCJ9fQ==--80a5e94da84295f7b4d0feae6f2e6cb58eb1e369/eyJfcmFpbHMiOnsibWVzc2FnZSI6IkJBaDdCem9MWm05eWJXRjBTU0lJY0c1bkJqb0dSVlE2RTNKbGMybDZaVjloYm1SZmNHRmtXd2RwUm1sRyIsImV4cCI6bnVsbCwicHVyIjoidmFyaWF0aW9uIn19--d55b6722f71e82d147ad94b8445be27797820f9f/lg-development-center-vietnam-logo.png
12,itviec,Tester (QA QC) - Sign on Bonus,Ha Noi,Tester QA QC Japanese,https://itviec.com/it-jobs/tester-qa-qc-sign-on-bonus-wbc-viet-nam-5748?lab_feature=preview_jd_page,https://itviec.com/rails/active_storage/representations/proxy/eyJfcmFpbHMiOnsibWVzc2FnZSI6IkJBaHBBeG95RUE9PSIsImV4cCI6bnVsbCwicHVyIjoiYmxvYl9pZCJ9fQ==--a62c3d0518601f14e5b41d5297c87310e560890c/eyJfcmFpbHMiOnsibWVzc2FnZSI6IkJBaDdCem9MWm05eWJXRjBTU0lJY0c1bkJqb0dSVlE2RTNKbGMybDZaVjloYm1SZmNHRmtXd2RwUm1sRyIsImV4cCI6bnVsbCwicHVyIjoidmFyaWF0aW9uIn19--d55b6722f71e82d147ad94b8445be27797820f9f/wbc-vi-t-nam-logo.png
13,itviec,Software QC/Tester,Ho Chi Minh,QA QC Tester,https://itviec.com/it-jobs/software-qc-tester-kingfoodmart-4131?lab_feature=preview_jd_page,https://itviec.com/rails/active_storage/representations/proxy/eyJfcmFpbHMiOnsibWVzc2FnZSI6IkJBaHBBMGUyRXc9PSIsImV4cCI6bnVsbCwicHVyIjoiYmxvYl9pZCJ9fQ==--b3712469a1d0e24c8b331425480add5d24db40a4/eyJfcmFpbHMiOnsibWVzc2FnZSI6IkJBaDdCem9MWm05eWJXRjBTU0lJY0c1bkJqb0dSVlE2RTNKbGMybDZaVjloYm1SZmNHRmtXd2RwUm1sRyIsImV4cCI6bnVsbCwicHVyIjoidmFyaWF0aW9uIn19--d55b6722f71e82d147ad94b8445be27797820f9f/logo.jpg
14,itviec,Business Analysis/Consultant,Ho Chi Minh,Java Cloud .NET,https://itviec.com/it-jobs/solution-specialist-sacombank-0127?lab_feature=preview_jd_page,https://itviec.com/rails/active_storage/representations/proxy/eyJfcmFpbHMiOnsibWVzc2FnZSI6IkJBaHBBOXYvSFE9PSIsImV4cCI6bnVsbCwicHVyIjoiYmxvYl9pZCJ9fQ==--b3c4f2c474d202c3a11ceec41c40c784cac78f40/eyJfcmFpbHMiOnsibWVzc2FnZSI6IkJBaDdCem9MWm05eWJXRjBTU0lJYW5CbkJqb0dSVlE2RTNKbGMybDZaVjloYm1SZmNHRmtXd2RwUm1sRyIsImV4cCI6bnVsbCwicHVyIjoidmFyaWF0aW9uIn19--e48ed52d99e56a5ff9747052d860ea1b318b2d76/IT%20viec-01.jpg
15,itviec,Java Software Engineer - CMB - Hanoi (Banking Domain),Ha Noi,English Java,https://itviec.com/it-jobs/medior-java-engineer-cmb-hanoi-banking-domain-positive-thinking-company-b-o-t-2829?lab_feature=preview_jd_page,https://itviec.com/rails/active_storage/representations/proxy/eyJfcmFpbHMiOnsibWVzc2FnZSI6IkJBaHBBNUhPSkE9PSIsImV4cCI6bnVsbCwicHVyIjoiYmxvYl9pZCJ9fQ==--2a6b00b10bd5f9d3db5f47b8f4e22523c1a40c38/eyJfcmFpbHMiOnsibWVzc2FnZSI6IkJBaDdCem9MWm05eWJXRjBTU0lJY0c1bkJqb0dSVlE2RTNKbGMybDZaVjloYm1SZmNHRmtXd2RwUm1sRyIsImV4cCI6bnVsbCwicHVyIjoidmFyaWF0aW9uIn19--d55b6722f71e82d147ad94b8445be27797820f9f/PTC-BOT_Logo.png
16,itviec,Senior Android Engineer (Kotlin),Ha Noi,Android Kotlin MVC,https://itviec.com/it-jobs/senior-medior-android-engineer-cmb-hanoi-city-bot-positive-thinking-company-b-o-t-3631?lab_feature=preview_jd_page,https://itviec.com/rails/active_storage/representations/proxy/eyJfcmFpbHMiOnsibWVzc2FnZSI6IkJBaHBBNUhPSkE9PSIsImV4cCI6bnVsbCwicHVyIjoiYmxvYl9pZCJ9fQ==--2a6b00b10bd5f9d3db5f47b8f4e22523c1a40c38/eyJfcmFpbHMiOnsibWVzc2FnZSI6IkJBaDdCem9MWm05eWJXRjBTU0lJY0c1bkJqb0dSVlE2RTNKbGMybDZaVjloYm1SZmNHRmtXd2RwUm1sRyIsImV4cCI6bnVsbCwicHVyIjoidmFyaWF0aW9uIn19--d55b6722f71e82d147ad94b8445be27797820f9f/PTC-BOT_Logo.png
17,itviec,Senior iOS Engineers (Swift),Ha Noi,iOS MVC Swift,https://itviec.com/it-jobs/senior-medior-ios-engineer-cmb-hanoi-city-bot-positive-thinking-company-b-o-t-3110?lab_feature=preview_jd_page,https://itviec.com/rails/active_storage/representations/proxy/eyJfcmFpbHMiOnsibWVzc2FnZSI6IkJBaHBBNUhPSkE9PSIsImV4cCI6bnVsbCwicHVyIjoiYmxvYl9pZCJ9fQ==--2a6b00b10bd5f9d3db5f47b8f4e22523c1a40c38/eyJfcmFpbHMiOnsibWVzc2FnZSI6IkJBaDdCem9MWm05eWJXRjBTU0lJY0c1bkJqb0dSVlE2RTNKbGMybDZaVjloYm1SZmNHRmtXd2RwUm1sRyIsImV4cCI6bnVsbCwicHVyIjoidmFyaWF0aW9uIn19--d55b6722f71e82d147ad94b8445be27797820f9f/PTC-BOT_Logo.png
18,itviec,"[HN] 5 Android Developer (Java, Kotlin)",Ha Noi,Android Kotlin Java,https://itviec.com/it-jobs/hn-5-android-developer-java-kotlin-vnpay-3338?lab_feature=preview_jd_page,https://itviec.com/rails/active_storage/representations/proxy/eyJfcmFpbHMiOnsibWVzc2FnZSI6IkJBaHBBd2w2SHc9PSIsImV4cCI6bnVsbCwicHVyIjoiYmxvYl9pZCJ9fQ==--998573548f2a95e4b349ffbf42cfb623613039fd/eyJfcmFpbHMiOnsibWVzc2FnZSI6IkJBaDdCem9MWm05eWJXRjBTU0lJY0c1bkJqb0dSVlE2RTNKbGMybDZaVjloYm1SZmNHRmtXd2RwUm1sRyIsImV4cCI6bnVsbCwicHVyIjoidmFyaWF0aW9uIn19--d55b6722f71e82d147ad94b8445be27797820f9f/logo%20VNPAY-02.png
19,itviec,macOS Engineer (ObjectiveC/Swift),Ho Chi Minh,Objective C Swift,https://itviec.com/it-jobs/macos-engineer-objectivec-swift-samsung-electronics-hcmc-ce-complex-5007?lab_feature=preview_jd_page,https://itviec.com/rails/active_storage/representations/proxy/eyJfcmFpbHMiOnsibWVzc2FnZSI6IkJBaHBBN1RFRWc9PSIsImV4cCI6bnVsbCwicHVyIjoiYmxvYl9pZCJ9fQ==--fd973422c6f688d8007a832ba2ed146a33b8dc15/eyJfcmFpbHMiOnsibWVzc2FnZSI6IkJBaDdCem9MWm05eWJXRjBTU0lJY0c1bkJqb0dSVlE2RTNKbGMybDZaVjloYm1SZmNHRmtXd2RwUm1sRyIsImV4cCI6bnVsbCwicHVyIjoidmFyaWF0aW9uIn19--d55b6722f71e82d147ad94b8445be27797820f9f/Logo%20xanh%20d%C6%B0%C6%A1ng.png
20,itviec,"Senior Backend Developer (NodeJS, AWS)",Ho Chi Minh,NodeJS JavaScript AWS,https://itviec.com/it-jobs/senior-backend-developer-nodejs-aws-amanotes-4620?lab_feature=preview_jd_page,https://itviec.com/rails/active_storage/representations/proxy/eyJfcmFpbHMiOnsibWVzc2FnZSI6IkJBaHBBMUNwRFE9PSIsImV4cCI6bnVsbCwicHVyIjoiYmxvYl9pZCJ9fQ==--24615d52ea407cca073adeffbe9d731ead172884/eyJfcmFpbHMiOnsibWVzc2FnZSI6IkJBaDdCem9MWm05eWJXRjBTU0lJY0c1bkJqb0dSVlE2RTNKbGMybDZaVjloYm1SZmNHRmtXd2RwUm1sRyIsImV4cCI6bnVsbCwicHVyIjoidmFyaWF0aW9uIn19--d55b6722f71e82d147ad94b8445be27797820f9f/amanotes-logo.png
21,itviec,IT POS Specialist (Business Analyst),Ho Chi Minh,Business Analyst SQL Product Manager,https://itviec.com/it-jobs/it-pos-specialist-central-retail-0004?lab_feature=preview_jd_page,https://itviec.com/rails/active_storage/representations/proxy/eyJfcmFpbHMiOnsibWVzc2FnZSI6IkJBaHBBNDhoR3c9PSIsImV4cCI6bnVsbCwicHVyIjoiYmxvYl9pZCJ9fQ==--ed150a986a892cc79138acb669160e94583c3105/eyJfcmFpbHMiOnsibWVzc2FnZSI6IkJBaDdCem9MWm05eWJXRjBTU0lJY0c1bkJqb0dSVlE2RTNKbGMybDZaVjloYm1SZmNHRmtXd2RwUm1sRyIsImV4cCI6bnVsbCwicHVyIjoidmFyaWF0aW9uIn19--d55b6722f71e82d147ad94b8445be27797820f9f/centralretail-1B.png
22,itviec,"Urgent - .NET Web Dev (ASP.NET, C#)",Ha Noi,.NET ASP.NET C# Fresher Accepted,https://itviec.com/it-jobs/urgent-net-web-dev-asp-net-c-optimizely-formerly-episerver-4157?lab_feature=preview_jd_page,https://itviec.com/rails/active_storage/representations/proxy/eyJfcmFpbHMiOnsibWVzc2FnZSI6IkJBaHBBN3VmSGc9PSIsImV4cCI6bnVsbCwicHVyIjoiYmxvYl9pZCJ9fQ==--7ef02aaf8cbc75587b2593f6fd08e8428f562f62/eyJfcmFpbHMiOnsibWVzc2FnZSI6IkJBaDdCem9MWm05eWJXRjBTU0lJY0c1bkJqb0dSVlE2RTNKbGMybDZaVjloYm1SZmNHRmtXd2RwUm1sRyIsImV4cCI6bnVsbCwicHVyIjoidmFyaWF0aW9uIn19--d55b6722f71e82d147ad94b8445be27797820f9f/logo_symbol_1200x1200.png
23,itviec,"[Urgent] - 02 Java Developer (J2EE, MVC)",Ho Chi Minh,Java J2EE MVC Fresher Accepted,https://itviec.com/it-jobs/urgent-02-java-developer-j2ee-mvc-dai-ichi-life-viet-nam-5549?lab_feature=preview_jd_page,https://itviec.com/rails/active_storage/representations/proxy/eyJfcmFpbHMiOnsibWVzc2FnZSI6IkJBaHBBd1VyREE9PSIsImV4cCI6bnVsbCwicHVyIjoiYmxvYl9pZCJ9fQ==--4592716b93a93ff3ebdda785b7d8952d19d6198f/eyJfcmFpbHMiOnsibWVzc2FnZSI6IkJBaDdCem9MWm05eWJXRjBTU0lJVUU1SEJqb0dSVlE2RTNKbGMybDZaVjloYm1SZmNHRmtXd2RwUm1sRyIsImV4cCI6bnVsbCwicHVyIjoidmFyaWF0aW9uIn19--d14c81992e54b8fe39b4f22017b9c72f4b5e306b/dai-ichi-life-vi-t-nam-logo.PNG
24,itviec,Project Manager (Agile),Ho Chi Minh,Project Manager English Agile,https://itviec.com/it-jobs/project-manager-agile-aviron-3818?lab_feature=preview_jd_page,https://itviec.com/rails/active_storage/representations/proxy/eyJfcmFpbHMiOnsibWVzc2FnZSI6IkJBaHBBOE9PSFE9PSIsImV4cCI6bnVsbCwicHVyIjoiYmxvYl9pZCJ9fQ==--104ba0e68ecd0b38ac5a5eec5b8231ba7dac1bc1/eyJfcmFpbHMiOnsibWVzc2FnZSI6IkJBaDdCem9MWm05eWJXRjBTU0lJY0c1bkJqb0dSVlE2RTNKbGMybDZaVjloYm1SZmNHRmtXd2RwUm1sRyIsImV4cCI6bnVsbCwicHVyIjoidmFyaWF0aW9uIn19--d55b6722f71e82d147ad94b8445be27797820f9f/1519872342886%20-%20Dung%20Bui.png
25,itviec,Automation QA (Senior/Leader),Ha Noi,Tester JavaScript QA QC,https://itviec.com/it-jobs/automation-qa-senior-leader-panasonic-vietnam-group-panasonic-r-d-center-vietnam-prdcv-5802?lab_feature=preview_jd_page,https://itviec.com/rails/active_storage/representations/proxy/eyJfcmFpbHMiOnsibWVzc2FnZSI6IkJBaHBBMWJ1R2c9PSIsImV4cCI6bnVsbCwicHVyIjoiYmxvYl9pZCJ9fQ==--2a2557c4d8a170c33d56ca5dd9fe6d35a9555577/eyJfcmFpbHMiOnsibWVzc2FnZSI6IkJBaDdCem9MWm05eWJXRjBTU0lJY0c1bkJqb0dSVlE2RTNKbGMybDZaVjloYm1SZmNHRmtXd2RwUm1sRyIsImV4cCI6bnVsbCwicHVyIjoidmFyaWF0aW9uIn19--d55b6722f71e82d147ad94b8445be27797820f9f/Logo-min.png
26,itviec,IT System Administrator (Infrastructure Specialist),Ha Noi,System Admin Networking Linux,https://itviec.com/it-jobs/it-system-administrator-infrastructure-specialist-panasonic-vietnam-group-panasonic-r-d-center-vietnam-prdcv-5321?lab_feature=preview_jd_page,https://itviec.com/rails/active_storage/representations/proxy/eyJfcmFpbHMiOnsibWVzc2FnZSI6IkJBaHBBMWJ1R2c9PSIsImV4cCI6bnVsbCwicHVyIjoiYmxvYl9pZCJ9fQ==--2a2557c4d8a170c33d56ca5dd9fe6d35a9555577/eyJfcmFpbHMiOnsibWVzc2FnZSI6IkJBaDdCem9MWm05eWJXRjBTU0lJY0c1bkJqb0dSVlE2RTNKbGMybDZaVjloYm1SZmNHRmtXd2RwUm1sRyIsImV4cCI6bnVsbCwicHVyIjoidmFyaWF0aW9uIn19--d55b6722f71e82d147ad94b8445be27797820f9f/Logo-min.png
27,itviec,"DevOps Engineer (System Engineer, Linux)",Ha Noi,DevOps System Engineer Linux,https://itviec.com/it-jobs/devops-engineer-system-engineer-linux-optimizely-formerly-episerver-5104?lab_feature=preview_jd_page,https://itviec.com/rails/active_storage/representations/proxy/eyJfcmFpbHMiOnsibWVzc2FnZSI6IkJBaHBBN3VmSGc9PSIsImV4cCI6bnVsbCwicHVyIjoiYmxvYl9pZCJ9fQ==--7ef02aaf8cbc75587b2593f6fd08e8428f562f62/eyJfcmFpbHMiOnsibWVzc2FnZSI6IkJBaDdCem9MWm05eWJXRjBTU0lJY0c1bkJqb0dSVlE2RTNKbGMybDZaVjloYm1SZmNHRmtXd2RwUm1sRyIsImV4cCI6bnVsbCwicHVyIjoidmFyaWF0aW9uIn19--d55b6722f71e82d147ad94b8445be27797820f9f/logo_symbol_1200x1200.png
28,itviec,Engineering Manager ~ 6000USD (Hybrid working),Ha Noi,Manager Project Manager Agile,https://itviec.com/it-jobs/engineering-manager-6000usd-hybrid-working-money-forward-vietnam-co-ltd-3259?lab_feature=preview_jd_page,https://itviec.com/rails/active_storage/representations/proxy/eyJfcmFpbHMiOnsibWVzc2FnZSI6IkJBaHBBOVVIRFE9PSIsImV4cCI6bnVsbCwicHVyIjoiYmxvYl9pZCJ9fQ==--9d351bcd040296ef5ce833fba08705f0aa7c360a/eyJfcmFpbHMiOnsibWVzc2FnZSI6IkJBaDdCem9MWm05eWJXRjBTU0lJY0c1bkJqb0dSVlE2RTNKbGMybDZaVjloYm1SZmNHRmtXd2RwUm1sRyIsImV4cCI6bnVsbCwicHVyIjoidmFyaWF0aW9uIn19--d55b6722f71e82d147ad94b8445be27797820f9f/money-forward-vi-t-nam-logo.png
29,itviec,"Senior QC Engineer (QC, Tester) - Up to $1,200",Ho Chi Minh,Tester QA QC System Engineer,https://itviec.com/it-jobs/senior-qc-engineer-qc-tester-up-to-1-200-ambition-vietnam-5341?lab_feature=preview_jd_page,https://itviec.com/rails/active_storage/representations/proxy/eyJfcmFpbHMiOnsibWVzc2FnZSI6IkJBaHBBMG94REE9PSIsImV4cCI6bnVsbCwicHVyIjoiYmxvYl9pZCJ9fQ==--9a760bc73aa8971becd1aa6b09224f9a0d7d9d52/eyJfcmFpbHMiOnsibWVzc2FnZSI6IkJBaDdCem9MWm05eWJXRjBTU0lJYW5CbkJqb0dSVlE2RTNKbGMybDZaVjloYm1SZmNHRmtXd2RwUm1sRyIsImV4cCI6bnVsbCwicHVyIjoidmFyaWF0aW9uIn19--e48ed52d99e56a5ff9747052d860ea1b318b2d76/ambition-vietnam-logo.jpg
30,itviec,"Senior Java Developer (J2EE, Spring) - Nha Trang","Others
Ho Chi Minh",Java Spring J2EE,https://itviec.com/it-jobs/senior-java-developer-j2ee-spring-nha-trang-infodation-vietnam-1343?lab_feature=preview_jd_page,https://itviec.com/rails/active_storage/representations/proxy/eyJfcmFpbHMiOnsibWVzc2FnZSI6IkJBaHBBenVMSWc9PSIsImV4cCI6bnVsbCwicHVyIjoiYmxvYl9pZCJ9fQ==--2d310c54fa586d18988598130f433a037a36f893/eyJfcmFpbHMiOnsibWVzc2FnZSI6IkJBaDdCem9MWm05eWJXRjBTU0lJY0c1bkJqb0dSVlE2RTNKbGMybDZaVjloYm1SZmNHRmtXd2RwUm1sRyIsImV4cCI6bnVsbCwicHVyIjoidmFyaWF0aW9uIn19--d55b6722f71e82d147ad94b8445be27797820f9f/Blue-without-jigsaw-puzzle-2.png
31,itviec,2 Senior VueJS (TypeScript/JavaScript),Ho Chi Minh,JavaScript VueJS English,https://itviec.com/it-jobs/2-senior-vuejs-typescript-javascript-dirox-0538?lab_feature=preview_jd_page,https://itviec.com/rails/active_storage/representations/proxy/eyJfcmFpbHMiOnsibWVzc2FnZSI6IkJBaHBBeWpoSEE9PSIsImV4cCI6bnVsbCwicHVyIjoiYmxvYl9pZCJ9fQ==--85deb4661c693bf4c09c9da19b9c3f322e106826/eyJfcmFpbHMiOnsibWVzc2FnZSI6IkJBaDdCem9MWm05eWJXRjBTU0lJY0c1bkJqb0dSVlE2RTNKbGMybDZaVjloYm1SZmNHRmtXd2RwUm1sRyIsImV4cCI6bnVsbCwicHVyIjoidmFyaWF0aW9uIn19--d55b6722f71e82d147ad94b8445be27797820f9f/LogoDirox_new.png
32,itviec,05 Java Developer (Spring/OOP),Ha Noi,Java OOP Spring,https://itviec.com/it-jobs/05-java-developer-spring-oop-ttc-solutions-0117?lab_feature=preview_jd_page,https://itviec.com/rails/active_storage/representations/proxy/eyJfcmFpbHMiOnsibWVzc2FnZSI6IkJBaHBBd3FPSEE9PSIsImV4cCI6bnVsbCwicHVyIjoiYmxvYl9pZCJ9fQ==--0eb27ef433475005c13e96203fee848766ea5818/eyJfcmFpbHMiOnsibWVzc2FnZSI6IkJBaDdCem9MWm05eWJXRjBTU0lJY0c1bkJqb0dSVlE2RTNKbGMybDZaVjloYm1SZmNHRmtXd2RwUm1sRyIsImV4cCI6bnVsbCwicHVyIjoidmFyaWF0aW9uIn19--d55b6722f71e82d147ad94b8445be27797820f9f/logo%20da%20chuyen%20doi.png
33,itviec,Java Developer (Linux),Ho Chi Minh,Java Linux Networking,https://itviec.com/it-jobs/java-developer-linux-dek-technologies-1627?lab_feature=preview_jd_page,https://itviec.com/rails/active_storage/representations/proxy/eyJfcmFpbHMiOnsibWVzc2FnZSI6IkJBaHBBOUFuREE9PSIsImV4cCI6bnVsbCwicHVyIjoiYmxvYl9pZCJ9fQ==--4f2e6d9f3a3f8fd68828c39ac6b14b8ea961c55e/eyJfcmFpbHMiOnsibWVzc2FnZSI6IkJBaDdCem9MWm05eWJXRjBTU0lJY0c1bkJqb0dSVlE2RTNKbGMybDZaVjloYm1SZmNHRmtXd2RwUm1sRyIsImV4cCI6bnVsbCwicHVyIjoidmFyaWF0aW9uIn19--d55b6722f71e82d147ad94b8445be27797820f9f/dek-technologies-logo.png
34,itviec,Hỗ trợ vận hành CSDL và An toàn thông tin (C#/Database),Ho Chi Minh,C# IT Support Database Fresher Accepted,https://itviec.com/it-jobs/ho-tro-van-hanh-csdl-va-an-toan-thong-tin-c-database-evn-spcit-4540?lab_feature=preview_jd_page,https://itviec.com/rails/active_storage/representations/proxy/eyJfcmFpbHMiOnsibWVzc2FnZSI6IkJBaHBBMzh0REE9PSIsImV4cCI6bnVsbCwicHVyIjoiYmxvYl9pZCJ9fQ==--e2846d1e40e00eeef4ce11bfb4c824846d78a70d/eyJfcmFpbHMiOnsibWVzc2FnZSI6IkJBaDdCem9MWm05eWJXRjBTU0lJYW5CbkJqb0dSVlE2RTNKbGMybDZaVjloYm1SZmNHRmtXd2RwUm1sRyIsImV4cCI6bnVsbCwicHVyIjoidmFyaWF0aW9uIn19--e48ed52d99e56a5ff9747052d860ea1b318b2d76/evn-spcit-logo.jpg
35,itviec,3 IT Helpdesk,"Ha Noi
Ho Chi Minh",IT Support System Admin Networking,https://itviec.com/it-jobs/3-it-helpdesk-south-telecom-2323?lab_feature=preview_jd_page,https://itviec.com/rails/active_storage/representations/proxy/eyJfcmFpbHMiOnsibWVzc2FnZSI6IkJBaHBBOXJ3Rmc9PSIsImV4cCI6bnVsbCwicHVyIjoiYmxvYl9pZCJ9fQ==--79177074af1b5ce69434a72f563795fef9bf2525/eyJfcmFpbHMiOnsibWVzc2FnZSI6IkJBaDdCem9MWm05eWJXRjBTU0lJY0c1bkJqb0dSVlE2RTNKbGMybDZaVjloYm1SZmNHRmtXd2RwUm1sRyIsImV4cCI6bnVsbCwicHVyIjoidmFyaWF0aW9uIn19--d55b6722f71e82d147ad94b8445be27797820f9f/LOGO%20SOUTH%20TELECOM.png
36,itviec,PHP Developer (Magento) - Salary up to $2500,Ho Chi Minh,PHP Magento,https://itviec.com/it-jobs/php-developer-magento-salary-up-to-2500-lotte-data-communicaton-co-ltd-vietnam-1002?lab_feature=preview_jd_page,https://itviec.com/rails/active_storage/representations/proxy/eyJfcmFpbHMiOnsibWVzc2FnZSI6IkJBaHBBL1g4RXc9PSIsImV4cCI6bnVsbCwicHVyIjoiYmxvYl9pZCJ9fQ==--f5be0a1cc5382dfc74e9710350f5a2832fb4ac04/eyJfcmFpbHMiOnsibWVzc2FnZSI6IkJBaDdCem9MWm05eWJXRjBTU0lJY0c1bkJqb0dSVlE2RTNKbGMybDZaVjloYm1SZmNHRmtXd2RwUm1sRyIsImV4cCI6bnVsbCwicHVyIjoidmFyaWF0aW9uIn19--d55b6722f71e82d147ad94b8445be27797820f9f/LOGO.png
37,itviec,(Mid/Senior/Lead) Data Engineer,Ho Chi Minh,Python NoSQL SQL,https://itviec.com/it-jobs/mid-senior-lead-data-engineer-ghn-0300?lab_feature=preview_jd_page,https://itviec.com/rails/active_storage/representations/proxy/eyJfcmFpbHMiOnsibWVzc2FnZSI6IkJBaHBBMGRxRWc9PSIsImV4cCI6bnVsbCwicHVyIjoiYmxvYl9pZCJ9fQ==--3f1d4de511578b298138a7ccb3a51b6ee88f930a/eyJfcmFpbHMiOnsibWVzc2FnZSI6IkJBaDdCem9MWm05eWJXRjBTU0lJYW5CbkJqb0dSVlE2RTNKbGMybDZaVjloYm1SZmNHRmtXd2RwUm1sRyIsImV4cCI6bnVsbCwicHVyIjoidmFyaWF0aW9uIn19--e48ed52d99e56a5ff9747052d860ea1b318b2d76/GHN%20logo.jpg
38,itviec,Chuyên viên Quản lý rủi ro An toàn và An ninh thông tin,Ha Noi,UI-UX Networking MySQL,https://itviec.com/it-jobs/chuyen-vien-quan-ly-rui-ro-an-toan-va-an-ninh-thong-tin-pg-bank-5923?lab_feature=preview_jd_page,https://itviec.com/rails/active_storage/representations/proxy/eyJfcmFpbHMiOnsibWVzc2FnZSI6IkJBaHBBOWcwREE9PSIsImV4cCI6bnVsbCwicHVyIjoiYmxvYl9pZCJ9fQ==--94f37d8f5e036fddcc523bc4670c7ff21587f5e0/eyJfcmFpbHMiOnsibWVzc2FnZSI6IkJBaDdCem9MWm05eWJXRjBTU0lJYW5CbkJqb0dSVlE2RTNKbGMybDZaVjloYm1SZmNHRmtXd2RwUm1sRyIsImV4cCI6bnVsbCwicHVyIjoidmFyaWF0aW9uIn19--e48ed52d99e56a5ff9747052d860ea1b318b2d76/pg-bank-logo.jpg
39,itviec,Frontend Engineering Manager (Ha Noi office),Ha Noi,Manager VueJS ReactJS,https://itviec.com/it-jobs/frontend-engineering-manager-ha-noi-office-nashtech-5359?lab_feature=preview_jd_page,https://itviec.com/rails/active_storage/representations/proxy/eyJfcmFpbHMiOnsibWVzc2FnZSI6IkJBaHBBMXgzRXc9PSIsImV4cCI6bnVsbCwicHVyIjoiYmxvYl9pZCJ9fQ==--9747b4e82941b47df75157048a404fc195fd1a40/eyJfcmFpbHMiOnsibWVzc2FnZSI6IkJBaDdCem9MWm05eWJXRjBTU0lJYW5CbkJqb0dSVlE2RTNKbGMybDZaVjloYm1SZmNHRmtXd2RwUm1sRyIsImV4cCI6bnVsbCwicHVyIjoidmFyaWF0aW9uIn19--e48ed52d99e56a5ff9747052d860ea1b318b2d76/logo.jpg
40,itviec,Product Manager,Ho Chi Minh,Product Manager English Agile,https://itviec.com/it-jobs/product-manager-nakivo-1514?lab_feature=preview_jd_page,https://itviec.com/rails/active_storage/representations/proxy/eyJfcmFpbHMiOnsibWVzc2FnZSI6IkJBaHBBOXd4REE9PSIsImV4cCI6bnVsbCwicHVyIjoiYmxvYl9pZCJ9fQ==--d073112f184afaef99ecf3b83e1f45240127275e/eyJfcmFpbHMiOnsibWVzc2FnZSI6IkJBaDdCem9MWm05eWJXRjBTU0lJYW5CbkJqb0dSVlE2RTNKbGMybDZaVjloYm1SZmNHRmtXd2RwUm1sRyIsImV4cCI6bnVsbCwicHVyIjoidmFyaWF0aW9uIn19--e48ed52d99e56a5ff9747052d860ea1b318b2d76/nakivo-logo.jpg
41,itviec,Mid/Senior QA QC Tester (English),Ha Noi,QA QC Tester English,https://itviec.com/it-jobs/mid-senior-qa-qc-tester-english-hectre-5939?lab_feature=preview_jd_page,https://itviec.com/rails/active_storage/representations/proxy/eyJfcmFpbHMiOnsibWVzc2FnZSI6IkJBaHBBL3VSSXc9PSIsImV4cCI6bnVsbCwicHVyIjoiYmxvYl9pZCJ9fQ==--fb6e03ed6a6dea6f889e1150edb03b835c7dfcaf/eyJfcmFpbHMiOnsibWVzc2FnZSI6IkJBaDdCem9MWm05eWJXRjBTU0lJY0c1bkJqb0dSVlE2RTNKbGMybDZaVjloYm1SZmNHRmtXd2RwUm1sRyIsImV4cCI6bnVsbCwicHVyIjoidmFyaWF0aW9uIn19--d55b6722f71e82d147ad94b8445be27797820f9f/Hectre-Logo-medium.png
42,itviec,".Net Developer (C#, Core)",Ha Noi,.NET ASP.NET C#,https://itviec.com/it-jobs/net-developer-c-core-tap-doan-novaon-3146?lab_feature=preview_jd_page,https://itviec.com/rails/active_storage/representations/proxy/eyJfcmFpbHMiOnsibWVzc2FnZSI6IkJBaHBBenFpSGc9PSIsImV4cCI6bnVsbCwicHVyIjoiYmxvYl9pZCJ9fQ==--cee36d45f75a88b22b8cad310e71bb578b79ff19/eyJfcmFpbHMiOnsibWVzc2FnZSI6IkJBaDdCem9MWm05eWJXRjBTU0lJY0c1bkJqb0dSVlE2RTNKbGMybDZaVjloYm1SZmNHRmtXd2RwUm1sRyIsImV4cCI6bnVsbCwicHVyIjoidmFyaWF0aW9uIn19--d55b6722f71e82d147ad94b8445be27797820f9f/logo%20(1).png
43,itviec,Lamp Engineering Manager (Ha Noi Office),Ha Noi,Python PHP Manager,https://itviec.com/it-jobs/lamp-engineering-manager-ha-noi-office-nashtech-5055?lab_feature=preview_jd_page,https://itviec.com/rails/active_storage/representations/proxy/eyJfcmFpbHMiOnsibWVzc2FnZSI6IkJBaHBBMXgzRXc9PSIsImV4cCI6bnVsbCwicHVyIjoiYmxvYl9pZCJ9fQ==--9747b4e82941b47df75157048a404fc195fd1a40/eyJfcmFpbHMiOnsibWVzc2FnZSI6IkJBaDdCem9MWm05eWJXRjBTU0lJYW5CbkJqb0dSVlE2RTNKbGMybDZaVjloYm1SZmNHRmtXd2RwUm1sRyIsImV4cCI6bnVsbCwicHVyIjoidmFyaWF0aW9uIn19--e48ed52d99e56a5ff9747052d860ea1b318b2d76/logo.jpg
44,itviec,Manual Tester,Ha Noi,Tester QA QC Agile,https://itviec.com/it-jobs/manual-tester-mb-bank-5633?lab_feature=preview_jd_page,https://itviec.com/rails/active_storage/representations/proxy/eyJfcmFpbHMiOnsibWVzc2FnZSI6IkJBaHBBMmZvSXc9PSIsImV4cCI6bnVsbCwicHVyIjoiYmxvYl9pZCJ9fQ==--a72d8a6545664966af9f6674fde5e1164b55ced4/eyJfcmFpbHMiOnsibWVzc2FnZSI6IkJBaDdCem9MWm05eWJXRjBTU0lJY0c1bkJqb0dSVlE2RTNKbGMybDZaVjloYm1SZmNHRmtXd2RwUm1sRyIsImV4cCI6bnVsbCwicHVyIjoidmFyaWF0aW9uIn19--d55b6722f71e82d147ad94b8445be27797820f9f/Logo%20MB%20he%20mau%20RGB%2001.png
45,itviec,Automation Tester,Ha Noi,Tester QA QC,https://itviec.com/it-jobs/automation-tester-mb-bank-5648?lab_feature=preview_jd_page,https://itviec.com/rails/active_storage/representations/proxy/eyJfcmFpbHMiOnsibWVzc2FnZSI6IkJBaHBBMmZvSXc9PSIsImV4cCI6bnVsbCwicHVyIjoiYmxvYl9pZCJ9fQ==--a72d8a6545664966af9f6674fde5e1164b55ced4/eyJfcmFpbHMiOnsibWVzc2FnZSI6IkJBaDdCem9MWm05eWJXRjBTU0lJY0c1bkJqb0dSVlE2RTNKbGMybDZaVjloYm1SZmNHRmtXd2RwUm1sRyIsImV4cCI6bnVsbCwicHVyIjoidmFyaWF0aW9uIn19--d55b6722f71e82d147ad94b8445be27797820f9f/Logo%20MB%20he%20mau%20RGB%2001.png
46,itviec,"5G RADIO Software Developer (C++, Linux)",Ho Chi Minh,C++ Linux Fresher Accepted,https://itviec.com/it-jobs/5g-radio-software-developer-c-linux-dek-technologies-5913?lab_feature=preview_jd_page,https://itviec.com/rails/active_storage/representations/proxy/eyJfcmFpbHMiOnsibWVzc2FnZSI6IkJBaHBBOUFuREE9PSIsImV4cCI6bnVsbCwicHVyIjoiYmxvYl9pZCJ9fQ==--4f2e6d9f3a3f8fd68828c39ac6b14b8ea961c55e/eyJfcmFpbHMiOnsibWVzc2FnZSI6IkJBaDdCem9MWm05eWJXRjBTU0lJY0c1bkJqb0dSVlE2RTNKbGMybDZaVjloYm1SZmNHRmtXd2RwUm1sRyIsImV4cCI6bnVsbCwicHVyIjoidmFyaWF0aW9uIn19--d55b6722f71e82d147ad94b8445be27797820f9f/dek-technologies-logo.png
47,itviec,"Senior Clerk or Above (Database, System Admin)",Ha Noi,System Admin System Engineer Database,https://itviec.com/it-jobs/senior-clerk-or-above-database-system-admin-mizuho-hn-branch-3710?lab_feature=preview_jd_page,https://itviec.com/rails/active_storage/representations/proxy/eyJfcmFpbHMiOnsibWVzc2FnZSI6IkJBaHBBelZNRFE9PSIsImV4cCI6bnVsbCwicHVyIjoiYmxvYl9pZCJ9fQ==--dce1cb4f47047841642a85faa4e5f2065af600a3/eyJfcmFpbHMiOnsibWVzc2FnZSI6IkJBaDdCem9MWm05eWJXRjBTU0lJYW5CbkJqb0dSVlE2RTNKbGMybDZaVjloYm1SZmNHRmtXd2RwUm1sRyIsImV4cCI6bnVsbCwicHVyIjoidmFyaWF0aW9uIn19--e48ed52d99e56a5ff9747052d860ea1b318b2d76/mizuho-hn-branch-logo.jpg
48,itviec,Mobile Developer,Ho Chi Minh,Flutter iOS Android,https://itviec.com/it-jobs/mobile-developer-tech-jdi-2529?lab_feature=preview_jd_page,https://itviec.com/rails/active_storage/representations/proxy/eyJfcmFpbHMiOnsibWVzc2FnZSI6IkJBaHBBeGMxREE9PSIsImV4cCI6bnVsbCwicHVyIjoiYmxvYl9pZCJ9fQ==--8571125290c6ab3eeb18bd877ed82fb03af8793e/eyJfcmFpbHMiOnsibWVzc2FnZSI6IkJBaDdCem9MWm05eWJXRjBTU0lJYW5CbkJqb0dSVlE2RTNKbGMybDZaVjloYm1SZmNHRmtXd2RwUm1sRyIsImV4cCI6bnVsbCwicHVyIjoidmFyaWF0aW9uIn19--e48ed52d99e56a5ff9747052d860ea1b318b2d76/tech-jdi-logo.jpg
49,itviec,Chief Technology Officer (CTO) Candidate,Da Nang,Manager Agile English,https://itviec.com/it-jobs/chief-technology-officer-cto-candidate-weblife-3827?lab_feature=preview_jd_page,https://itviec.com/rails/active_storage/representations/proxy/eyJfcmFpbHMiOnsibWVzc2FnZSI6IkJBaHBBMTJJS3c9PSIsImV4cCI6bnVsbCwicHVyIjoiYmxvYl9pZCJ9fQ==--c26a4657f3aa18caca3b454a6fd974eabc3c4084/eyJfcmFpbHMiOnsibWVzc2FnZSI6IkJBaDdCem9MWm05eWJXRjBTU0lJY0c1bkJqb0dSVlE2RTNKbGMybDZaVjloYm1SZmNHRmtXd2RwUm1sRyIsImV4cCI6bnVsbCwicHVyIjoidmFyaWF0aW9uIn19--d55b6722f71e82d147ad94b8445be27797820f9f/image%20(1).png
50,itviec,Junior System Administrator,Ha Noi,System Admin Networking Linux Fresher Accepted,https://itviec.com/it-jobs/junior-system-administrator-dan-tri-5125?lab_feature=preview_jd_page,https://itviec.com/rails/active_storage/representations/proxy/eyJfcmFpbHMiOnsibWVzc2FnZSI6IkJBaHBBMGVxR2c9PSIsImV4cCI6bnVsbCwicHVyIjoiYmxvYl9pZCJ9fQ==--c3b50445ba2dd736d2fd1a7ae2acce05d4ed0d67/eyJfcmFpbHMiOnsibWVzc2FnZSI6IkJBaDdCem9MWm05eWJXRjBTU0lJY0c1bkJqb0dSVlE2RTNKbGMybDZaVjloYm1SZmNHRmtXd2RwUm1sRyIsImV4cCI6bnVsbCwicHVyIjoidmFyaWF0aW9uIn19--d55b6722f71e82d147ad94b8445be27797820f9f/logo_dantri.png
51,itviec,Developer (NodeJS/ReactJS/PHP),"Ho Chi Minh
Others",NodeJS TypeScript ReactJS,https://itviec.com/it-jobs/developer-nodejs-reactjs-php-go1-5200?lab_feature=preview_jd_page,https://itviec.com/rails/active_storage/representations/proxy/eyJfcmFpbHMiOnsibWVzc2FnZSI6IkJBaHBBOW5iSmc9PSIsImV4cCI6bnVsbCwicHVyIjoiYmxvYl9pZCJ9fQ==--036ec1d5d57bc5e8c32075d94208cd14665b9109/eyJfcmFpbHMiOnsibWVzc2FnZSI6IkJBaDdCem9MWm05eWJXRjBTU0lJY0c1bkJqb0dSVlE2RTNKbGMybDZaVjloYm1SZmNHRmtXd2RwUm1sRyIsImV4cCI6bnVsbCwicHVyIjoidmFyaWF0aW9uIn19--d55b6722f71e82d147ad94b8445be27797820f9f/GO1_Logo_Petrol_Green_RGB.png
52,itviec,"Senior PHP Engineer (Symfony, Laravel)",Ho Chi Minh,PHP OOP,https://itviec.com/it-jobs/senior-php-engineer-symfony-laravel-fastboy-marketing-2455?lab_feature=preview_jd_page,https://itviec.com/rails/active_storage/representations/proxy/eyJfcmFpbHMiOnsibWVzc2FnZSI6IkJBaHBBOFJ2REE9PSIsImV4cCI6bnVsbCwicHVyIjoiYmxvYl9pZCJ9fQ==--e0103d387c8aad9d488702b9abafd81c38cb8d4e/eyJfcmFpbHMiOnsibWVzc2FnZSI6IkJBaDdCem9MWm05eWJXRjBTU0lJY0c1bkJqb0dSVlE2RTNKbGMybDZaVjloYm1SZmNHRmtXd2RwUm1sRyIsImV4cCI6bnVsbCwicHVyIjoidmFyaWF0aW9uIn19--d55b6722f71e82d147ad94b8445be27797820f9f/fastboy-marketing-logo.png
53,itviec,"Lập trình viên (C#, Angular, C++)",Ha Noi,.NET Angular C++,https://itviec.com/it-jobs/lap-trinh-vien-c-angular-c-med-aid-3434?lab_feature=preview_jd_page,https://itviec.com/rails/active_storage/representations/proxy/eyJfcmFpbHMiOnsibWVzc2FnZSI6IkJBaHBBN2d0REE9PSIsImV4cCI6bnVsbCwicHVyIjoiYmxvYl9pZCJ9fQ==--17c875802b5c0a3c93ee93a1cccdb99d6e6dc99f/eyJfcmFpbHMiOnsibWVzc2FnZSI6IkJBaDdCem9MWm05eWJXRjBTU0lJYW5CbkJqb0dSVlE2RTNKbGMybDZaVjloYm1SZmNHRmtXd2RwUm1sRyIsImV4cCI6bnVsbCwicHVyIjoidmFyaWF0aW9uIn19--e48ed52d99e56a5ff9747052d860ea1b318b2d76/med-aid-logo.jpg
54,itviec,Java Developer (All Levels | HCM),Ho Chi Minh,Java ReactJS Spring,https://itviec.com/it-jobs/java-developer-all-levels-hcm-ubitec-4043?lab_feature=preview_jd_page,https://itviec.com/rails/active_storage/representations/proxy/eyJfcmFpbHMiOnsibWVzc2FnZSI6IkJBaHBBd1JrR2c9PSIsImV4cCI6bnVsbCwicHVyIjoiYmxvYl9pZCJ9fQ==--ab956534d0896e1d8a26326b8bcc11f10b3e0385/eyJfcmFpbHMiOnsibWVzc2FnZSI6IkJBaDdCem9MWm05eWJXRjBTU0lJY0c1bkJqb0dSVlE2RTNKbGMybDZaVjloYm1SZmNHRmtXd2RwUm1sRyIsImV4cCI6bnVsbCwicHVyIjoidmFyaWF0aW9uIn19--d55b6722f71e82d147ad94b8445be27797820f9f/ubitec-logo.png
55,itviec,Engineering Manager,Ho Chi Minh,Manager English Team Leader,https://itviec.com/it-jobs/engineering-manager-skedulo-vietnam-5149?lab_feature=preview_jd_page,https://itviec.com/rails/active_storage/representations/proxy/eyJfcmFpbHMiOnsibWVzc2FnZSI6IkJBaHBBd1k3REE9PSIsImV4cCI6bnVsbCwicHVyIjoiYmxvYl9pZCJ9fQ==--43087b01df0d68c5d8083ba4c784c76fe9e0875d/eyJfcmFpbHMiOnsibWVzc2FnZSI6IkJBaDdCem9MWm05eWJXRjBTU0lJYW5CbkJqb0dSVlE2RTNKbGMybDZaVjloYm1SZmNHRmtXd2RwUm1sRyIsImV4cCI6bnVsbCwicHVyIjoidmFyaWF0aW9uIn19--e48ed52d99e56a5ff9747052d860ea1b318b2d76/skedulo-vietnam-logo.jpg
56,itviec,Senior Salesforce Engineer,Ho Chi Minh,Java JavaScript MySQL,https://itviec.com/it-jobs/senior-salesforce-engineer-skedulo-vietnam-0453?lab_feature=preview_jd_page,https://itviec.com/rails/active_storage/representations/proxy/eyJfcmFpbHMiOnsibWVzc2FnZSI6IkJBaHBBd1k3REE9PSIsImV4cCI6bnVsbCwicHVyIjoiYmxvYl9pZCJ9fQ==--43087b01df0d68c5d8083ba4c784c76fe9e0875d/eyJfcmFpbHMiOnsibWVzc2FnZSI6IkJBaDdCem9MWm05eWJXRjBTU0lJYW5CbkJqb0dSVlE2RTNKbGMybDZaVjloYm1SZmNHRmtXd2RwUm1sRyIsImV4cCI6bnVsbCwicHVyIjoidmFyaWF0aW9uIn19--e48ed52d99e56a5ff9747052d860ea1b318b2d76/skedulo-vietnam-logo.jpg
57,itviec,Senior Engineering Manager,Ho Chi Minh,Project Manager English Agile,https://itviec.com/it-jobs/senior-engineering-manager-kms-solutions-2451?lab_feature=preview_jd_page,https://itviec.com/rails/active_storage/representations/proxy/eyJfcmFpbHMiOnsibWVzc2FnZSI6IkJBaHBBNGlJSHc9PSIsImV4cCI6bnVsbCwicHVyIjoiYmxvYl9pZCJ9fQ==--5fc05ebe38ea19976ea4c06238ffcdd0ff1791af/eyJfcmFpbHMiOnsibWVzc2FnZSI6IkJBaDdCem9MWm05eWJXRjBTU0lJY0c1bkJqb0dSVlE2RTNKbGMybDZaVjloYm1SZmNHRmtXd2RwUm1sRyIsImV4cCI6bnVsbCwicHVyIjoidmFyaWF0aW9uIn19--d55b6722f71e82d147ad94b8445be27797820f9f/KMS%20Solutions%20Logo%20-%20Hi%20Res.png
58,itviec,"Software Tester ( QA QC, Database)",Ho Chi Minh,Tester QA QC Database,https://itviec.com/it-jobs/software-tester-qa-qc-database-digipay-2514?lab_feature=preview_jd_page,https://itviec.com/rails/active_storage/representations/proxy/eyJfcmFpbHMiOnsibWVzc2FnZSI6IkJBaHBBelZHS2c9PSIsImV4cCI6bnVsbCwicHVyIjoiYmxvYl9pZCJ9fQ==--999de0a65ac41ed5a9747a5476b1a52a79ebcdd9/eyJfcmFpbHMiOnsibWVzc2FnZSI6IkJBaDdCem9MWm05eWJXRjBTU0lJY0c1bkJqb0dSVlE2RTNKbGMybDZaVjloYm1SZmNHRmtXd2RwUm1sRyIsImV4cCI6bnVsbCwicHVyIjoidmFyaWF0aW9uIn19--d55b6722f71e82d147ad94b8445be27797820f9f/MFast_Logo_FINAL_Vertical-01.png
59,itviec,QC Engineer (Nha Trang),"Others
Ho Chi Minh",QA QC Tester English Fresher Accepted,https://itviec.com/it-jobs/qc-engineer-nha-trang-infodation-vietnam-3157?lab_feature=preview_jd_page,https://itviec.com/rails/active_storage/representations/proxy/eyJfcmFpbHMiOnsibWVzc2FnZSI6IkJBaHBBenVMSWc9PSIsImV4cCI6bnVsbCwicHVyIjoiYmxvYl9pZCJ9fQ==--2d310c54fa586d18988598130f433a037a36f893/eyJfcmFpbHMiOnsibWVzc2FnZSI6IkJBaDdCem9MWm05eWJXRjBTU0lJY0c1bkJqb0dSVlE2RTNKbGMybDZaVjloYm1SZmNHRmtXd2RwUm1sRyIsImV4cCI6bnVsbCwicHVyIjoidmFyaWF0aW9uIn19--d55b6722f71e82d147ad94b8445be27797820f9f/Blue-without-jigsaw-puzzle-2.png
